<application>
  <component name="FileTypeManager" version="18">
    <ignoreFiles list="*$py.class;*.pyc;*.pyo;*.rbc;*.yarb;*~;.DS_Store;.git;.hg;.svn;CVS;__pycache__;_svn;vssver.scc;vssver2.scc" />
    <extensionMap>
      <mapping pattern="test_hubspot_api_key.py" type="AUTO_DETECTED" />
      <mapping pattern=".env" type="PLAIN_TEXT" />
      <mapping pattern=".env.template" type="PLAIN_TEXT" />
      <mapping ext="csv" type="PLAIN_TEXT" />
      <removed_mapping ext="csv" approved="true" type="CSV" />
      <removed_mapping ext="txt" approved="true" type="PLAIN_TEXT" />
      <removed_mapping pattern=".env" approved="true" type=".env file" />
    </extensionMap>
  </component>
</application>